เขต,ชื่อโรงแรม,ประเภท,เบอร์โทร,เบอร์โทร 2,อีเมล,เว็บไซต์,ดาว,ระดับดาว,คะแนนรีวิว (/10),จำนวนรีวิว,แหล่งรีวิว,ราคาเริ่มต้น/คืน (฿ ประมาณ),ช่วงราคา,จำนวนห้อง,ที่อยู่,ลิงก์จอง Cloudbeds,เหตุผลที่เสนอ,หมายเหตุ
คลองเตย,Arawana Regency Park Sukhumvit,โรงแรม,02-259-7420,,fo_regencypark@arawanagroup.com,,4.0,4-5 ดาว,8.0,261.0,Trip.com,1400.0,"801-1,500",120.0,"Soi Sainamthip, Sukhumvit 22, Khlong Tan, Bangkok 10110",https://hotels.cloudbeds.com/reservation/IyqM8b,"ใช้ Cloudbeds อยู่แล้ว (เจอหน้าจองตรงบน Cloudbeds) เปิดรับระบบออนไลน์และจ่ายค่าซอฟต์แวร์อยู่ / ขนาดใหญ่ 120 ห้อง งานหน้าบ้านและการจองเยอะ / ระดับ 4 ดาว มีงบลงทุนระบบ / ราคา ~1,400 ฿/คืน กลุ่มราคากลาง ตรงกลุ่มเป้าหมาย / อยู่ย่านท่องเที่ยวหลัก (คลองเตย) แข่งขันสูง ต้องการเครื่องมือช่วยขาย / มีทั้งเบอร์โทรและอีเมล ติดต่อได้ทันที",ชื่อเดิม Aspira Grand Regency · ตึกเก่า · ดาวประกาศเอง
จตุจักร,Bed to Bangkok,โฮสเทล/เกสต์เฮาส์,082-210-0268,02-121-7478,bedtobangkok@yahoo.com,https://bedtobangkok.com,,ไม่ระบุ,7.9,226.0,Hostelworld,,ไม่มีข้อมูล,10.0,"Soi Choei Phuang, Chom Phon, Chatuchak, Bangkok 10900",https://hotels.cloudbeds.com/reservation/13e7WW,ใช้ Cloudbeds อยู่แล้ว (เจอหน้าจองตรงบน Cloudbeds) เปิดรับระบบออนไลน์และจ่ายค่าซอฟต์แวร์อยู่ / ขนาดเล็ก 10 ห้อง คุยกับเจ้าของได้ตรง ตัดสินใจเร็ว / มีเว็บไซต์ของตัวเอง ให้ความสำคัญกับการจองตรง / มีทั้งเบอร์โทรและอีเมล ติดต่อได้ทันที,เปิดปี 2022 · ใกล้ BTS หมอชิต
ดอนเมือง,Sloth Hostel DonMueang Airport,โฮสเทล/เกสต์เฮาส์,082-251-7889,087-111-1893,slothhostel.dmk@gmail.com,,,ไม่ระบุ,9.0,689.0,Trip.com,,ไม่มีข้อมูล,,"Soi Choet Wutthakat 9, Si Kan, Don Mueang, Bangkok 10210",https://hotels.cloudbeds.com/reservation/zGqPFy,ใช้ Cloudbeds อยู่แล้ว (เจอหน้าจองตรงบน Cloudbeds) เปิดรับระบบออนไลน์และจ่ายค่าซอฟต์แวร์อยู่ / คะแนนรีวิว 9.0 ดีเยี่ยม ใส่ใจคุณภาพ พร้อมลงทุนต่อ / ใกล้สนามบินดอนเมือง แขกเข้าออกเร็ว ต้องจัดการห้องไว / มีทั้งเบอร์โทรและอีเมล ติดต่อได้ทันที,~1.1 กม. จากสนามบิน DMK
ดอนเมือง,Sweetloft Hotel Don Muang,โรงแรม,080-060-7877,,,,3.0,3-3.5 ดาว,7.6,,Expedia/Hotels.com,650.0,≤800,60.0,"40 Soi Song Prapha 30, Don Mueang, Bangkok 10210",https://hotels.cloudbeds.com/reservation/je81zl,ใช้ Cloudbeds อยู่แล้ว (เจอหน้าจองตรงบน Cloudbeds) เปิดรับระบบออนไลน์และจ่ายค่าซอฟต์แวร์อยู่ / ขนาดใหญ่ 60 ห้อง งานหน้าบ้านและการจองเยอะ / ใกล้สนามบินดอนเมือง แขกเข้าออกเร็ว ต้องจัดการห้องไว / มีเบอร์โทร ติดต่อได้ทันที,ใกล้สนามบินดอนเมือง · มีร้านอาหาร
ดินแดง,Bangkok City Rama 9 Hotel,โรงแรม,02-083-9499,,rama9_reservation@staybangkokhotels.com,,2.5,≤2.5 ดาว,9.0,10.0,Hotels.com (sample เล็ก),1600.0,"1,501-2,500",388.0,"499 Asok-Din Daeng Rd, Din Daeng, Bangkok 10400",https://hotels.cloudbeds.com/reservation/NQyDH9,"ใช้ Cloudbeds อยู่แล้ว (เจอหน้าจองตรงบน Cloudbeds) เปิดรับระบบออนไลน์และจ่ายค่าซอฟต์แวร์อยู่ / มีหลายสาขาหรือมีโรงแรมพี่น้อง คุยครั้งเดียวมีโอกาสได้หลายแห่ง / ขนาดใหญ่ 388 ห้อง งานหน้าบ้านและการจองเยอะ / คะแนนรีวิว 9.0 ดีเยี่ยม ใส่ใจคุณภาพ พร้อมลงทุนต่อ / ราคา ~1,600 ฿/คืน กลุ่มราคากลาง ตรงกลุ่มเป้าหมาย / มีทั้งเบอร์โทรและอีเมล ติดต่อได้ทันที",เครือ StayBangkok · ใกล้ MRT · ไม่รวมอาหารเช้า
ดินแดง,The Mini R Ratchada Hotel,โรงแรม,02-689-5173,,,,3.0,3-3.5 ดาว,7.7,390.0,Kayak,1250.0,"801-1,500",29.0,"161 Ratchadaphisek Rd, Din Daeng, Bangkok 10400",https://hotels.cloudbeds.com/en/reservation/0TyYnZ,"ใช้ Cloudbeds อยู่แล้ว (เจอหน้าจองตรงบน Cloudbeds) เปิดรับระบบออนไลน์และจ่ายค่าซอฟต์แวร์อยู่ / ขนาดกลาง 29 ห้อง กำลังโต / ราคา ~1,250 ฿/คืน กลุ่มราคากลาง ตรงกลุ่มเป้าหมาย / มีเบอร์โทร ติดต่อได้ทันที",เดิน ~10 นาที MRT ห้วยขวาง
ดุสิต,SSIP Boutique Dhevej Bangkok,บูทีค,095-514-5151,,info@ssiphotelthailand.com,https://ssiphotelthailand.com,3.0,3-3.5 ดาว,9.5,617.0,Booking,1800.0,"1,501-2,500",19.0,"42 Phitsanulok Rd, Dusit, Bangkok 10300",https://hotels.cloudbeds.com/reservation/OkioyK,"ใช้ Cloudbeds อยู่แล้ว (เจอหน้าจองตรงบน Cloudbeds) เปิดรับระบบออนไลน์และจ่ายค่าซอฟต์แวร์อยู่ / ขนาดเล็ก 19 ห้อง คุยกับเจ้าของได้ตรง ตัดสินใจเร็ว / คะแนนรีวิว 9.5 ดีเยี่ยม ใส่ใจคุณภาพ พร้อมลงทุนต่อ / ราคา ~1,800 ฿/คืน กลุ่มราคากลาง ตรงกลุ่มเป้าหมาย / มีเว็บไซต์ของตัวเอง ให้ความสำคัญกับการจองตรง / มีทั้งเบอร์โทรและอีเมล ติดต่อได้ทันที",adults only · ใกล้ท่าเรือเทเวศร์
บางกอกใหญ่,KASAYAPI,บูทีค,02-891-1191,,kasayapi.reservation@gmail.com,,3.0,3-3.5 ดาว,9.7,,Booking,3900.0,">2,500",3.0,"102/1 Itsaraphap Rd Soi 32, Bangkok Yai, Bangkok 10600",https://hotels.cloudbeds.com/reservation/Qaz2Zl,"ใช้ Cloudbeds อยู่แล้ว (เจอหน้าจองตรงบน Cloudbeds) เปิดรับระบบออนไลน์และจ่ายค่าซอฟต์แวร์อยู่ / ขนาดเล็ก 3 ห้อง คุยกับเจ้าของได้ตรง ตัดสินใจเร็ว / คะแนนรีวิว 9.7 ดีเยี่ยม ใส่ใจคุณภาพ พร้อมลงทุนต่อ / ราคา ~3,900 ฿/คืน กลุ่มพรีเมียม รายได้ต่อห้องสูง / มีทั้งเบอร์โทรและอีเมล ติดต่อได้ทันที",ติด MRT อิสรภาพ · มีสระ · ห้องน้อยมาก
บางรัก,5Loft Anti-Hotel Bangkok,บูทีค,02-111-6311,,,,3.5,3-3.5 ดาว,10.0,34.0,Expedia,2500.0,"1,501-2,500",5.0,"Silom, Bang Rak, Bangkok 10500",https://hotels.cloudbeds.com/en/reservation/sxUqS0,"ใช้ Cloudbeds อยู่แล้ว (เจอหน้าจองตรงบน Cloudbeds) เปิดรับระบบออนไลน์และจ่ายค่าซอฟต์แวร์อยู่ / ขนาดเล็ก 5 ห้อง คุยกับเจ้าของได้ตรง ตัดสินใจเร็ว / คะแนนรีวิว 10.0 ดีเยี่ยม ใส่ใจคุณภาพ พร้อมลงทุนต่อ / ราคา ~2,500 ฿/คืน กลุ่มราคากลาง ตรงกลุ่มเป้าหมาย / อยู่ย่านท่องเที่ยวหลัก (บางรัก) แข่งขันสูง ต้องการเครื่องมือช่วยขาย / มีเบอร์โทร ติดต่อได้ทันที",loft · pet-friendly
บางรัก,CLOUD on Saladaeng Hostel,โฮสเทล/เกสต์เฮาส์,02-029-9729,,info@cloudonsaladaeng.com,,,ไม่ระบุ,9.0,,Booking,1120.0,"801-1,500",,"71/2 Soi Sala Daeng 1/1, Silom, Bangkok 10500",https://hotels.cloudbeds.com/reservation/iGlZHg,"ใช้ Cloudbeds อยู่แล้ว (เจอหน้าจองตรงบน Cloudbeds) เปิดรับระบบออนไลน์และจ่ายค่าซอฟต์แวร์อยู่ / คะแนนรีวิว 9.0 ดีเยี่ยม ใส่ใจคุณภาพ พร้อมลงทุนต่อ / ราคา ~1,120 ฿/คืน กลุ่มราคากลาง ตรงกลุ่มเป้าหมาย / อยู่ย่านท่องเที่ยวหลัก (บางรัก) แข่งขันสูง ต้องการเครื่องมือช่วยขาย / มีทั้งเบอร์โทรและอีเมล ติดต่อได้ทันที",มีทั้งเตียงรวมและห้องส่วนตัว
บางรัก,The Cube Hostel Silom,โฮสเทล/เกสต์เฮาส์,096-314-1481,,frontdesk@thecubehostel.com,,,ไม่ระบุ,8.5,1785.0,Kayak,700.0,≤800,,"3/9 Saladaeng Rd, Silom, Bangkok 10500",https://hotels.cloudbeds.com/reservation/EWugHt,"ใช้ Cloudbeds อยู่แล้ว (เจอหน้าจองตรงบน Cloudbeds) เปิดรับระบบออนไลน์และจ่ายค่าซอฟต์แวร์อยู่ / รีวิว 1,785 รายการ แขกเข้าพักต่อเนื่อง ธุรกิจมีรายได้สม่ำเสมอ / อยู่ย่านท่องเที่ยวหลัก (บางรัก) แข่งขันสูง ต้องการเครื่องมือช่วยขาย / มีทั้งเบอร์โทรและอีเมล ติดต่อได้ทันที",มีสระว่ายน้ำดาดฟ้า
บางรัก,Sabai Sathorn Serviced Apartment,เซอร์วิส อพาร์ตเมนต์,02-267-3999,,,,,ไม่ระบุ,8.4,2281.0,Kayak,1780.0,"1,501-2,500",30.0,"57 Sathorn Soi 10, Silom, Bangkok 10500",https://hotels.cloudbeds.com/reservation/yqwDkx,"ใช้ Cloudbeds อยู่แล้ว (เจอหน้าจองตรงบน Cloudbeds) เปิดรับระบบออนไลน์และจ่ายค่าซอฟต์แวร์อยู่ / ขนาดกลาง 30 ห้อง กำลังโต / รีวิว 2,281 รายการ แขกเข้าพักต่อเนื่อง ธุรกิจมีรายได้สม่ำเสมอ / ราคา ~1,780 ฿/คืน กลุ่มราคากลาง ตรงกลุ่มเป้าหมาย / อยู่ย่านท่องเที่ยวหลัก (บางรัก) แข่งขันสูง ต้องการเครื่องมือช่วยขาย / มีเบอร์โทร ติดต่อได้ทันที",รีโนเวทปี 2024 · สระดาดฟ้า
บางรัก,Pas Cher Hotel de Bangkok,โรงแรม,02-630-6401,,,,,ไม่ระบุ,8.3,2197.0,Kayak,890.0,"801-1,500",72.0,"28/5 Charoen Wiang Rd, Silom, Bangkok 10500",https://hotels.cloudbeds.com/reservation/DCUevV,"ใช้ Cloudbeds อยู่แล้ว (เจอหน้าจองตรงบน Cloudbeds) เปิดรับระบบออนไลน์และจ่ายค่าซอฟต์แวร์อยู่ / ขนาดใหญ่ 72 ห้อง งานหน้าบ้านและการจองเยอะ / รีวิว 2,197 รายการ แขกเข้าพักต่อเนื่อง ธุรกิจมีรายได้สม่ำเสมอ / ราคา ~890 ฿/คืน กลุ่มราคากลาง ตรงกลุ่มเป้าหมาย / อยู่ย่านท่องเที่ยวหลัก (บางรัก) แข่งขันสูง ต้องการเครื่องมือช่วยขาย / มีเบอร์โทร ติดต่อได้ทันที",มีสระว่ายน้ำ · ไม่มีอาหารเช้า
บางรัก,BRB Hostel Bangkok Silom,โฮสเทล/เกสต์เฮาส์,061-515-9898,,brbstaff1@gmail.com,,,ไม่ระบุ,7.8,1420.0,Kayak,460.0,≤800,17.0,"5/8-9 Soi Pipat (Silom Soi 3), Bangkok 10500",https://hotels.cloudbeds.com/reservation/vhyeOS,"ใช้ Cloudbeds อยู่แล้ว (เจอหน้าจองตรงบน Cloudbeds) เปิดรับระบบออนไลน์และจ่ายค่าซอฟต์แวร์อยู่ / ขนาดเล็ก 17 ห้อง คุยกับเจ้าของได้ตรง ตัดสินใจเร็ว / รีวิว 1,420 รายการ แขกเข้าพักต่อเนื่อง ธุรกิจมีรายได้สม่ำเสมอ / อยู่ย่านท่องเที่ยวหลัก (บางรัก) แข่งขันสูง ต้องการเครื่องมือช่วยขาย / มีทั้งเบอร์โทรและอีเมล ติดต่อได้ทันที",รีวิว Hostelworld ต่ำมาก (2.6)
ปทุมวัน,Tamni,โฮสเทล/เกสต์เฮาส์,063-932-2905,,,,,ไม่ระบุ,9.4,2442.0,Booking,880.0,"801-1,500",,"476/7 Soi Phraya Singhaseni, Rong Muang, Bangkok 10330",https://hotels.cloudbeds.com/reservation/IgoyOJ,"ใช้ Cloudbeds อยู่แล้ว (เจอหน้าจองตรงบน Cloudbeds) เปิดรับระบบออนไลน์และจ่ายค่าซอฟต์แวร์อยู่ / รีวิว 2,442 รายการ แขกเข้าพักต่อเนื่อง ธุรกิจมีรายได้สม่ำเสมอ / คะแนนรีวิว 9.4 ดีเยี่ยม ใส่ใจคุณภาพ พร้อมลงทุนต่อ / ราคา ~880 ฿/คืน กลุ่มราคากลาง ตรงกลุ่มเป้าหมาย / อยู่ย่านท่องเที่ยวหลัก (ปทุมวัน) แข่งขันสูง ต้องการเครื่องมือช่วยขาย / มีเบอร์โทร ติดต่อได้ทันที",design hostel ใกล้ MRT หัวลำโพง
ปทุมวัน,Happy Station Bangkok,โฮสเทล/เกสต์เฮาส์,064-545-2262,,reservation@happystationbangkok.com,https://www.happystationbangkok.com,,ไม่ระบุ,9.3,601.0,Trabber,,ไม่มีข้อมูล,,"477 Rama IV Rd, Rong Muang, Bangkok 10330",https://hotels.cloudbeds.com/reservation/fikDq8,ใช้ Cloudbeds อยู่แล้ว (เจอหน้าจองตรงบน Cloudbeds) เปิดรับระบบออนไลน์และจ่ายค่าซอฟต์แวร์อยู่ / คะแนนรีวิว 9.3 ดีเยี่ยม ใส่ใจคุณภาพ พร้อมลงทุนต่อ / อยู่ย่านท่องเที่ยวหลัก (ปทุมวัน) แข่งขันสูง ต้องการเครื่องมือช่วยขาย / มีเว็บไซต์ของตัวเอง ให้ความสำคัญกับการจองตรง / มีทั้งเบอร์โทรและอีเมล ติดต่อได้ทันที,ใกล้หัวลำโพง
ปทุมวัน,Happy3 Hotel,โรงแรม,02-612-4799,092-280-0234,info@happy3.co.th,,,ไม่ระบุ,8.6,3890.0,Kayak,1550.0,"1,501-2,500",,"33 Soi Kasemsan 3, Wang Mai, Bangkok 10330",https://hotels.cloudbeds.com/reservation/1cHXGt,"ใช้ Cloudbeds อยู่แล้ว (เจอหน้าจองตรงบน Cloudbeds) เปิดรับระบบออนไลน์และจ่ายค่าซอฟต์แวร์อยู่ / รีวิว 3,890 รายการ แขกเข้าพักต่อเนื่อง ธุรกิจมีรายได้สม่ำเสมอ / ราคา ~1,550 ฿/คืน กลุ่มราคากลาง ตรงกลุ่มเป้าหมาย / อยู่ย่านท่องเที่ยวหลัก (ปทุมวัน) แข่งขันสูง ต้องการเครื่องมือช่วยขาย / มีทั้งเบอร์โทรและอีเมล ติดต่อได้ทันที",ใกล้ BTS สนามกีฬาฯ/สยาม
ปทุมวัน,Roompini,บูทีค,061-016-7878,,roompini.bangkok@gmail.com,,,ไม่ระบุ,8.3,138.0,Booking,1500.0,"801-1,500",9.0,"Sarasin Rd, Lumphini, Bangkok 10330",https://hotels.cloudbeds.com/reservation/lseUw6,"ใช้ Cloudbeds อยู่แล้ว (เจอหน้าจองตรงบน Cloudbeds) เปิดรับระบบออนไลน์และจ่ายค่าซอฟต์แวร์อยู่ / ขนาดเล็ก 9 ห้อง คุยกับเจ้าของได้ตรง ตัดสินใจเร็ว / ราคา ~1,500 ฿/คืน กลุ่มราคากลาง ตรงกลุ่มเป้าหมาย / อยู่ย่านท่องเที่ยวหลัก (ปทุมวัน) แข่งขันสูง ต้องการเครื่องมือช่วยขาย / มีทั้งเบอร์โทรและอีเมล ติดต่อได้ทันที",ตรงข้ามสวนลุมฯ
ปทุมวัน,House of Papa Bangkok Siam,โฮสเทล/เกสต์เฮาส์,092-428-8264,,hotelpapabangkok@gmail.com,https://house-of-papa-bangkok-siam.business.site,,ไม่ระบุ,8.3,935.0,Kayak,1150.0,"801-1,500",,"188/44 Soi Chula 16, Wang Mai, Bangkok 10330",https://hotels.cloudbeds.com/reservation/9zztFS,"ใช้ Cloudbeds อยู่แล้ว (เจอหน้าจองตรงบน Cloudbeds) เปิดรับระบบออนไลน์และจ่ายค่าซอฟต์แวร์อยู่ / ราคา ~1,150 ฿/คืน กลุ่มราคากลาง ตรงกลุ่มเป้าหมาย / อยู่ย่านท่องเที่ยวหลัก (ปทุมวัน) แข่งขันสูง ต้องการเครื่องมือช่วยขาย / มีเว็บไซต์ของตัวเอง ให้ความสำคัญกับการจองตรง / มีทั้งเบอร์โทรและอีเมล ติดต่อได้ทันที",~1 กม. MBK
พระนคร,Siri Ratchadamnoen Bangkok Hotel,บูทีค,066-162-5955,,siriratchadamnoenbkk@gmail.com,,3.0,3-3.5 ดาว,9.8,,Expedia,1800.0,"1,501-2,500",24.0,"104 Soi Damnoen Klang Tai, Phra Nakhon, Bangkok 10200",https://hotels.cloudbeds.com/reservation/3uv4vx,"ใช้ Cloudbeds อยู่แล้ว (เจอหน้าจองตรงบน Cloudbeds) เปิดรับระบบออนไลน์และจ่ายค่าซอฟต์แวร์อยู่ / มีหลายสาขาหรือมีโรงแรมพี่น้อง คุยครั้งเดียวมีโอกาสได้หลายแห่ง / ขนาดกลาง 24 ห้อง กำลังโต / คะแนนรีวิว 9.8 ดีเยี่ยม ใส่ใจคุณภาพ พร้อมลงทุนต่อ / ราคา ~1,800 ฿/คืน กลุ่มราคากลาง ตรงกลุ่มเป้าหมาย / อยู่ย่านท่องเที่ยวหลัก (พระนคร) แข่งขันสูง ต้องการเครื่องมือช่วยขาย / มีทั้งเบอร์โทรและอีเมล ติดต่อได้ทันที",ใกล้อนุสาวรีย์ประชาธิปไตย · เครือเดียวกับ Siri Grand
พระนคร,Jam Hostel Bangkok,โฮสเทล/เกสต์เฮาส์,02-282-3932,,info@jamhostelbangkok.com,https://jamhostelbangkok.com,,ไม่ระบุ,9.7,2778.0,Hostelworld,750.0,≤800,,"9 Phra Sumen Rd, Phra Nakhon, Bangkok 10200",https://hotels.cloudbeds.com/reservation/MlkqNX,"ใช้ Cloudbeds อยู่แล้ว (เจอหน้าจองตรงบน Cloudbeds) เปิดรับระบบออนไลน์และจ่ายค่าซอฟต์แวร์อยู่ / รีวิว 2,778 รายการ แขกเข้าพักต่อเนื่อง ธุรกิจมีรายได้สม่ำเสมอ / คะแนนรีวิว 9.7 ดีเยี่ยม ใส่ใจคุณภาพ พร้อมลงทุนต่อ / อยู่ย่านท่องเที่ยวหลัก (พระนคร) แข่งขันสูง ต้องการเครื่องมือช่วยขาย / มีเว็บไซต์ของตัวเอง ให้ความสำคัญกับการจองตรง / มีทั้งเบอร์โทรและอีเมล ติดต่อได้ทันที",rooftop bar
พระนคร,NapPark Hostel,โฮสเทล/เกสต์เฮาส์,02-282-2324,,contact@nappark.com,https://nappark.com,,ไม่ระบุ,9.3,9600.0,Hostelworld,360.0,≤800,,"5 Tani Rd, Banglamphu, Phra Nakhon, Bangkok 10200",https://hotels.cloudbeds.com/reservation/kN89VP,"ใช้ Cloudbeds อยู่แล้ว (เจอหน้าจองตรงบน Cloudbeds) เปิดรับระบบออนไลน์และจ่ายค่าซอฟต์แวร์อยู่ / รีวิว 9,600 รายการ แขกเข้าพักต่อเนื่อง ธุรกิจมีรายได้สม่ำเสมอ / คะแนนรีวิว 9.3 ดีเยี่ยม ใส่ใจคุณภาพ พร้อมลงทุนต่อ / อยู่ย่านท่องเที่ยวหลัก (พระนคร) แข่งขันสูง ต้องการเครื่องมือช่วยขาย / มีเว็บไซต์ของตัวเอง ให้ความสำคัญกับการจองตรง / มีทั้งเบอร์โทรและอีเมล ติดต่อได้ทันที",หอพักใหญ่ 22 เตียง
พระนคร,Siri Grand Bangkok Hotel,โรงแรม,065-384-4660,,sirigrandbkk@gmail.com,,,ไม่ระบุ,9.2,52.0,Trip.com,2400.0,"1,501-2,500",,"98 Soi Damnoen Klang Tai, Phra Nakhon, Bangkok 10200",https://hotels.cloudbeds.com/reservation/H8FTGQ,"ใช้ Cloudbeds อยู่แล้ว (เจอหน้าจองตรงบน Cloudbeds) เปิดรับระบบออนไลน์และจ่ายค่าซอฟต์แวร์อยู่ / คะแนนรีวิว 9.2 ดีเยี่ยม ใส่ใจคุณภาพ พร้อมลงทุนต่อ / ราคา ~2,400 ฿/คืน กลุ่มราคากลาง ตรงกลุ่มเป้าหมาย / อยู่ย่านท่องเที่ยวหลัก (พระนคร) แข่งขันสูง ต้องการเครื่องมือช่วยขาย / มีทั้งเบอร์โทรและอีเมล ติดต่อได้ทันที",มีสระ · เจ้าของเดียวกับ Siri Ratchadamnoen
พระนคร,Revolution Khaosan (by The Bliss),โฮสเทล/เกสต์เฮาส์,096-856-5360,,,,,ไม่ระบุ,9.2,1592.0,Hostelworld,,ไม่มีข้อมูล,,"81 Trok Mayom, Phra Nakhon, Bangkok 10200",https://hotels.cloudbeds.com/en/reservation/qPj3wK,"ใช้ Cloudbeds อยู่แล้ว (เจอหน้าจองตรงบน Cloudbeds) เปิดรับระบบออนไลน์และจ่ายค่าซอฟต์แวร์อยู่ / รีวิว 1,592 รายการ แขกเข้าพักต่อเนื่อง ธุรกิจมีรายได้สม่ำเสมอ / คะแนนรีวิว 9.2 ดีเยี่ยม ใส่ใจคุณภาพ พร้อมลงทุนต่อ / อยู่ย่านท่องเที่ยวหลัก (พระนคร) แข่งขันสูง ต้องการเครื่องมือช่วยขาย / มีเบอร์โทร ติดต่อได้ทันที",party hostel 18-35
พระนคร,Khao San Social Capsule Hostel,โฮสเทล/เกสต์เฮาส์,091-027-8783,,khaosansocial.reservation@gmail.com,,,ไม่ระบุ,9.1,,Booking,1100.0,"801-1,500",,"147 Thanon Tani, Phra Nakhon, Bangkok 10200",https://hotels.cloudbeds.com/reservation/zgiCVH,"ใช้ Cloudbeds อยู่แล้ว (เจอหน้าจองตรงบน Cloudbeds) เปิดรับระบบออนไลน์และจ่ายค่าซอฟต์แวร์อยู่ / คะแนนรีวิว 9.1 ดีเยี่ยม ใส่ใจคุณภาพ พร้อมลงทุนต่อ / ราคา ~1,100 ฿/คืน กลุ่มราคากลาง ตรงกลุ่มเป้าหมาย / อยู่ย่านท่องเที่ยวหลัก (พระนคร) แข่งขันสูง ต้องการเครื่องมือช่วยขาย / มีทั้งเบอร์โทรและอีเมล ติดต่อได้ทันที",แคปซูล · rooftop bar
พระนคร,The Gravitique Hotel Khaosan,บูทีค,02-121-4415,,rsvn@thegravitiquehotel.com,https://thegravitiquehotel.com,4.0,4-5 ดาว,8.9,,Booking,2000.0,"1,501-2,500",,"19 Tani Rd, Talat Yot, Phra Nakhon, Bangkok 10200",https://hotels.cloudbeds.com/reservation/HGkMdX,"ใช้ Cloudbeds อยู่แล้ว (เจอหน้าจองตรงบน Cloudbeds) เปิดรับระบบออนไลน์และจ่ายค่าซอฟต์แวร์อยู่ / ระดับ 4 ดาว มีงบลงทุนระบบ / ราคา ~2,000 ฿/คืน กลุ่มราคากลาง ตรงกลุ่มเป้าหมาย / อยู่ย่านท่องเที่ยวหลัก (พระนคร) แข่งขันสูง ต้องการเครื่องมือช่วยขาย / มีเว็บไซต์ของตัวเอง ให้ความสำคัญกับการจองตรง / มีทั้งเบอร์โทรและอีเมล ติดต่อได้ทันที",ชื่อเดิม The Ember · ลิงก์จาก 2023 ควรเช็กว่ายังใช้
พระนคร,Suneta Hostel Khaosan,โฮสเทล/เกสต์เฮาส์,061-101-6266,,khaosan@suneta.net,,,ไม่ระบุ,8.8,1140.0,Kayak,560.0,≤800,,"209-211 Kraisi Rd, Phra Nakhon, Bangkok 10200",https://hotels.cloudbeds.com/en/reservation/RItaN7,"ใช้ Cloudbeds อยู่แล้ว (เจอหน้าจองตรงบน Cloudbeds) เปิดรับระบบออนไลน์และจ่ายค่าซอฟต์แวร์อยู่ / รีวิว 1,140 รายการ แขกเข้าพักต่อเนื่อง ธุรกิจมีรายได้สม่ำเสมอ / อยู่ย่านท่องเที่ยวหลัก (พระนคร) แข่งขันสูง ต้องการเครื่องมือช่วยขาย / มีทั้งเบอร์โทรและอีเมล ติดต่อได้ทันที",adults only · แคปซูล
พระนคร,Peace Land Khaosan,โรงแรม,02-628-9090,,rsvn.peacelandkhaosan@gmail.com,,3.5,3-3.5 ดาว,8.6,48.0,Hotels.com,1200.0,"801-1,500",,"105 Wisut Kasat Rd, Phra Nakhon, Bangkok 10200",https://hotels.cloudbeds.com/reservation/kSEVxf,"ใช้ Cloudbeds อยู่แล้ว (เจอหน้าจองตรงบน Cloudbeds) เปิดรับระบบออนไลน์และจ่ายค่าซอฟต์แวร์อยู่ / ราคา ~1,200 ฿/คืน กลุ่มราคากลาง ตรงกลุ่มเป้าหมาย / อยู่ย่านท่องเที่ยวหลัก (พระนคร) แข่งขันสูง ต้องการเครื่องมือช่วยขาย / มีทั้งเบอร์โทรและอีเมล ติดต่อได้ทันที",มีสระ+ฟิตเนส
พระนคร,Ti Thong Hostel,โฮสเทล/เกสต์เฮาส์,064-001-6721,,tithonghostel@gmail.com,,,ไม่ระบุ,8.5,639.0,ViaMichelin,1100.0,"801-1,500",,"73/1-4 Ti Thong Rd, Phra Nakhon, Bangkok 10200",https://hotels.cloudbeds.com/en/reservation/AifE4v,"ใช้ Cloudbeds อยู่แล้ว (เจอหน้าจองตรงบน Cloudbeds) เปิดรับระบบออนไลน์และจ่ายค่าซอฟต์แวร์อยู่ / ราคา ~1,100 ฿/คืน กลุ่มราคากลาง ตรงกลุ่มเป้าหมาย / อยู่ย่านท่องเที่ยวหลัก (พระนคร) แข่งขันสูง ต้องการเครื่องมือช่วยขาย / มีทั้งเบอร์โทรและอีเมล ติดต่อได้ทันที",ใกล้เสาชิงช้า
พระนคร,Nanda Heritage Hotel,บูทีค,02-282-2900,,fo.nda@tichotels.com,https://nandaheritage.com,3.5,3-3.5 ดาว,8.4,2108.0,Kayak,1100.0,"801-1,500",55.0,"632 Wisut Kasat Rd, Phra Nakhon, Bangkok 10200",https://hotels.cloudbeds.com/reservation/K0i9sF,"ใช้ Cloudbeds อยู่แล้ว (เจอหน้าจองตรงบน Cloudbeds) เปิดรับระบบออนไลน์และจ่ายค่าซอฟต์แวร์อยู่ / ขนาดใหญ่ 55 ห้อง งานหน้าบ้านและการจองเยอะ / รีวิว 2,108 รายการ แขกเข้าพักต่อเนื่อง ธุรกิจมีรายได้สม่ำเสมอ / ราคา ~1,100 ฿/คืน กลุ่มราคากลาง ตรงกลุ่มเป้าหมาย / อยู่ย่านท่องเที่ยวหลัก (พระนคร) แข่งขันสูง ต้องการเครื่องมือช่วยขาย / มีเว็บไซต์ของตัวเอง ให้ความสำคัญกับการจองตรง / มีทั้งเบอร์โทรและอีเมล ติดต่อได้ทันที",มีสระ+ร้านอาหาร
พระนคร,Lost Inn BKK,โฮสเทล/เกสต์เฮาส์,02-126-7901,,lostinnbkk@gmail.com,,,ไม่ระบุ,8.4,971.0,Kayak,900.0,"801-1,500",,"250/15 Samsen Rd, Phra Nakhon, Bangkok 10200",https://hotels.cloudbeds.com/en/reservation/hu2DyZ,ใช้ Cloudbeds อยู่แล้ว (เจอหน้าจองตรงบน Cloudbeds) เปิดรับระบบออนไลน์และจ่ายค่าซอฟต์แวร์อยู่ / ราคา ~900 ฿/คืน กลุ่มราคากลาง ตรงกลุ่มเป้าหมาย / อยู่ย่านท่องเที่ยวหลัก (พระนคร) แข่งขันสูง ต้องการเครื่องมือช่วยขาย / มีทั้งเบอร์โทรและอีเมล ติดต่อได้ทันที,ใกล้สะพานพระราม 8
พระนคร,Here Hostel,โฮสเทล/เกสต์เฮาส์,090-987-7438,,herehostel@gmail.com,,,ไม่ระบุ,8.4,2852.0,Kayak,880.0,"801-1,500",,"196/3-14 Soi Damnoen Klang, Phra Nakhon, Bangkok 10200",https://hotels.cloudbeds.com/reservation/REBSPs,"ใช้ Cloudbeds อยู่แล้ว (เจอหน้าจองตรงบน Cloudbeds) เปิดรับระบบออนไลน์และจ่ายค่าซอฟต์แวร์อยู่ / รีวิว 2,852 รายการ แขกเข้าพักต่อเนื่อง ธุรกิจมีรายได้สม่ำเสมอ / ราคา ~880 ฿/คืน กลุ่มราคากลาง ตรงกลุ่มเป้าหมาย / อยู่ย่านท่องเที่ยวหลัก (พระนคร) แข่งขันสูง ต้องการเครื่องมือช่วยขาย / มีทั้งเบอร์โทรและอีเมล ติดต่อได้ทันที",มีสระ · บจก. HERE THE WORLD
พระนคร,Chern Bangkok,โฮสเทล/เกสต์เฮาส์,02-621-1133,02-621-1134,info@chernbangkok.com,https://chernbangkok.com,,ไม่ระบุ,8.4,7235.0,Kayak,1250.0,"801-1,500",,"17 Soi Ratchasak, Bamrung Muang Rd, Phra Nakhon, Bangkok 10200",https://hotels.cloudbeds.com/reservation/sAIhvt,"ใช้ Cloudbeds อยู่แล้ว (เจอหน้าจองตรงบน Cloudbeds) เปิดรับระบบออนไลน์และจ่ายค่าซอฟต์แวร์อยู่ / รีวิว 7,235 รายการ แขกเข้าพักต่อเนื่อง ธุรกิจมีรายได้สม่ำเสมอ / ราคา ~1,250 ฿/คืน กลุ่มราคากลาง ตรงกลุ่มเป้าหมาย / อยู่ย่านท่องเที่ยวหลัก (พระนคร) แข่งขันสูง ต้องการเครื่องมือช่วยขาย / มีเว็บไซต์ของตัวเอง ให้ความสำคัญกับการจองตรง / มีทั้งเบอร์โทรและอีเมล ติดต่อได้ทันที",มีห้องส่วนตัว+หอพัก
พระนคร,OH Hostels - Bangkok,โฮสเทล/เกสต์เฮาส์,063-412-0779,02-061-9974,info@ohhostels.com,https://ohhostels.com,2.0,≤2.5 ดาว,7.7,1817.0,Kayak,400.0,≤800,,"107 Samsen Soi 4, Phra Nakhon, Bangkok 10200",https://hotels.cloudbeds.com/reservation/fAz0pU,"ใช้ Cloudbeds อยู่แล้ว (เจอหน้าจองตรงบน Cloudbeds) เปิดรับระบบออนไลน์และจ่ายค่าซอฟต์แวร์อยู่ / รีวิว 1,817 รายการ แขกเข้าพักต่อเนื่อง ธุรกิจมีรายได้สม่ำเสมอ / อยู่ย่านท่องเที่ยวหลัก (พระนคร) แข่งขันสูง ต้องการเครื่องมือช่วยขาย / มีเว็บไซต์ของตัวเอง ให้ความสำคัญกับการจองตรง / มีทั้งเบอร์โทรและอีเมล ติดต่อได้ทันที",adults only
ราชเทวี,Natee Hostel,โฮสเทล/เกสต์เฮาส์,084-347-9920,,,,,ไม่ระบุ,8.8,,Expedia,,ไม่มีข้อมูล,,"39/11-12 Soi Phetchaburi 15, Bangkok 10400",https://hotels.cloudbeds.com/reservation/HVuqFl,ใช้ Cloudbeds อยู่แล้ว (เจอหน้าจองตรงบน Cloudbeds) เปิดรับระบบออนไลน์และจ่ายค่าซอฟต์แวร์อยู่ / อยู่ย่านท่องเที่ยวหลัก (ราชเทวี) แข่งขันสูง ต้องการเครื่องมือช่วยขาย / มีเบอร์โทร ติดต่อได้ทันที,รวมอาหารเช้า
ราชเทวี,Monument Stay,โฮสเทล/เกสต์เฮาส์,064-742-4561,,monumentstay@gmail.com,https://www.monumentstay.com,,ไม่ระบุ,8.8,,Travelocity,,ไม่มีข้อมูล,,"Soi Ratchawithi 9, Ratchathewi, Bangkok 10400",https://hotels.cloudbeds.com/en/reservation/1GcujK,ใช้ Cloudbeds อยู่แล้ว (เจอหน้าจองตรงบน Cloudbeds) เปิดรับระบบออนไลน์และจ่ายค่าซอฟต์แวร์อยู่ / อยู่ย่านท่องเที่ยวหลัก (ราชเทวี) แข่งขันสูง ต้องการเครื่องมือช่วยขาย / มีเว็บไซต์ของตัวเอง ให้ความสำคัญกับการจองตรง / มีทั้งเบอร์โทรและอีเมล ติดต่อได้ทันที,เดิน 3 นาทีอนุสาวรีย์ชัยฯ
ราชเทวี,Yello Rooms Hotel Victory Monument,โรงแรม,02-002-9428,,info.yellorooms@gmail.com,,3.0,3-3.5 ดาว,8.7,906.0,Kayak,1500.0,"801-1,500",,"12 Soi Ratchawithi 9/11, Phaya Thai Rd, Ratchathewi, Bangkok 10400",https://hotels.cloudbeds.com/reservation/zMkAEo,"ใช้ Cloudbeds อยู่แล้ว (เจอหน้าจองตรงบน Cloudbeds) เปิดรับระบบออนไลน์และจ่ายค่าซอฟต์แวร์อยู่ / ราคา ~1,500 ฿/คืน กลุ่มราคากลาง ตรงกลุ่มเป้าหมาย / อยู่ย่านท่องเที่ยวหลัก (ราชเทวี) แข่งขันสูง ต้องการเครื่องมือช่วยขาย / มีทั้งเบอร์โทรและอีเมล ติดต่อได้ทันที",ย่านอนุสาวรีย์ชัยฯ
ราชเทวี,Spenza Hotel,โรงแรม,02-251-5251,,,,3.0,3-3.5 ดาว,8.6,1926.0,Kayak,910.0,"801-1,500",94.0,"88 Soi Phetchaburi 15, Bangkok 10400",https://hotels.cloudbeds.com/reservation/m9POZF,"ใช้ Cloudbeds อยู่แล้ว (เจอหน้าจองตรงบน Cloudbeds) เปิดรับระบบออนไลน์และจ่ายค่าซอฟต์แวร์อยู่ / ขนาดใหญ่ 94 ห้อง งานหน้าบ้านและการจองเยอะ / รีวิว 1,926 รายการ แขกเข้าพักต่อเนื่อง ธุรกิจมีรายได้สม่ำเสมอ / ราคา ~910 ฿/คืน กลุ่มราคากลาง ตรงกลุ่มเป้าหมาย / อยู่ย่านท่องเที่ยวหลัก (ราชเทวี) แข่งขันสูง ต้องการเครื่องมือช่วยขาย / มีเบอร์โทร ติดต่อได้ทันที",ใกล้ประตูน้ำ/แพลทินัม
ราชเทวี,The Victory View (adults only),โฮสเทล/เกสต์เฮาส์,093-860-5914,064-742-4561,thevictory.hostel@gmail.com,,,ไม่ระบุ,8.6,619.0,Trip.com,700.0,≤800,,"34/2-3 Soi Ratchawithi 9, Ratchathewi, Bangkok 10400",https://hotels.cloudbeds.com/en/reservation/QFq9Zv,ใช้ Cloudbeds อยู่แล้ว (เจอหน้าจองตรงบน Cloudbeds) เปิดรับระบบออนไลน์และจ่ายค่าซอฟต์แวร์อยู่ / อยู่ย่านท่องเที่ยวหลัก (ราชเทวี) แข่งขันสูง ต้องการเครื่องมือช่วยขาย / มีทั้งเบอร์โทรและอีเมล ติดต่อได้ทันที,~570 ม. BTS อนุสาวรีย์ชัยฯ
ราชเทวี,4M Pratunam Hotel,โรงแรม,02-251-5545,081-638-1551,4mpratunamhotel@gmail.com,,3.0,3-3.5 ดาว,8.0,1190.0,Kayak,760.0,≤800,25.0,"45/6-7 Soi Phetchaburi 15, Bangkok 10400",https://hotels.cloudbeds.com/reservation/BJAq9T,"ใช้ Cloudbeds อยู่แล้ว (เจอหน้าจองตรงบน Cloudbeds) เปิดรับระบบออนไลน์และจ่ายค่าซอฟต์แวร์อยู่ / ขนาดกลาง 25 ห้อง กำลังโต / รีวิว 1,190 รายการ แขกเข้าพักต่อเนื่อง ธุรกิจมีรายได้สม่ำเสมอ / อยู่ย่านท่องเที่ยวหลัก (ราชเทวี) แข่งขันสูง ต้องการเครื่องมือช่วยขาย / มีทั้งเบอร์โทรและอีเมล ติดต่อได้ทันที",อาหารเช้า 150 บาท
วัฒนา,Sib Kao,โรงแรม,02-254-3200,,info@sibkao.com,,3.0,3-3.5 ดาว,9.0,1082.0,Kayak,1190.0,"801-1,500",,"19/27-28 Sukhumvit Soi 19, Khlong Toei Nuea, Bangkok 10110",https://hotels.cloudbeds.com/reservation/LCLlYQ,"ใช้ Cloudbeds อยู่แล้ว (เจอหน้าจองตรงบน Cloudbeds) เปิดรับระบบออนไลน์และจ่ายค่าซอฟต์แวร์อยู่ / รีวิว 1,082 รายการ แขกเข้าพักต่อเนื่อง ธุรกิจมีรายได้สม่ำเสมอ / คะแนนรีวิว 9.0 ดีเยี่ยม ใส่ใจคุณภาพ พร้อมลงทุนต่อ / ราคา ~1,190 ฿/คืน กลุ่มราคากลาง ตรงกลุ่มเป้าหมาย / อยู่ย่านท่องเที่ยวหลัก (วัฒนา) แข่งขันสูง ต้องการเครื่องมือช่วยขาย / มีทั้งเบอร์โทรและอีเมล ติดต่อได้ทันที",ใกล้ Terminal 21
วัฒนา,StayAt Bedever Bangkok Hotel,บูทีค,,,,,,ไม่ระบุ,8.8,61.0,Expedia,730.0,≤800,21.0,"1533/3-4 Sukhumvit Rd, Phra Khanong Nuea, Bangkok 10110",https://us2.cloudbeds.com/reservation/z3rPaG,ใช้ Cloudbeds อยู่แล้ว (เจอหน้าจองตรงบน Cloudbeds) เปิดรับระบบออนไลน์และจ่ายค่าซอฟต์แวร์อยู่ / ขนาดกลาง 21 ห้อง กำลังโต / อยู่ย่านท่องเที่ยวหลัก (วัฒนา) แข่งขันสูง ต้องการเครื่องมือช่วยขาย,ใช้ Cloudbeds โดเมน us2.cloudbeds.com
วัฒนา,Lamurr Sukhumvit 41,โฮสเทล/เกสต์เฮาส์,02-040-4653,097-140-5544,info@lamurr.com,https://lamurr.com,,ไม่ระบุ,8.4,1129.0,Kayak,,ไม่มีข้อมูล,,"Sukhumvit Soi 41, Khlong Tan Nuea, Bangkok 10110",https://hotels.cloudbeds.com/reservation/dBVH5M,"ใช้ Cloudbeds อยู่แล้ว (เจอหน้าจองตรงบน Cloudbeds) เปิดรับระบบออนไลน์และจ่ายค่าซอฟต์แวร์อยู่ / รีวิว 1,129 รายการ แขกเข้าพักต่อเนื่อง ธุรกิจมีรายได้สม่ำเสมอ / อยู่ย่านท่องเที่ยวหลัก (วัฒนา) แข่งขันสูง ต้องการเครื่องมือช่วยขาย / มีเว็บไซต์ของตัวเอง ให้ความสำคัญกับการจองตรง / มีทั้งเบอร์โทรและอีเมล ติดต่อได้ทันที",ใกล้ BTS พร้อมพงษ์
วัฒนา,W 21 Hotel Bangkok,โรงแรม,02-661-6200,,,,3.0,3-3.5 ดาว,7.8,1548.0,Kayak,1020.0,"801-1,500",,"4/56 Asok Montri Rd (Sukhumvit 21), Khlong Toei Nuea, Bangkok 10110",https://hotels.cloudbeds.com/reservation/3pn5ml,"ใช้ Cloudbeds อยู่แล้ว (เจอหน้าจองตรงบน Cloudbeds) เปิดรับระบบออนไลน์และจ่ายค่าซอฟต์แวร์อยู่ / รีวิว 1,548 รายการ แขกเข้าพักต่อเนื่อง ธุรกิจมีรายได้สม่ำเสมอ / ราคา ~1,020 ฿/คืน กลุ่มราคากลาง ตรงกลุ่มเป้าหมาย / อยู่ย่านท่องเที่ยวหลัก (วัฒนา) แข่งขันสูง ต้องการเครื่องมือช่วยขาย / มีเบอร์โทร ติดต่อได้ทันที",ชื่อเดิม Serene Asoke Suites
วัฒนา,3Howw Hostel @ Sukhumvit 21,โฮสเทล/เกสต์เฮาส์,099-909-6997,,3howw.sukhumvit21@gmail.com,,,ไม่ระบุ,7.7,2741.0,Kayak,,ไม่มีข้อมูล,,"32/9 Sukhumvit 21 Soi 1, Bangkok 10110",https://hotels.cloudbeds.com/reservation/jABe3g,"ใช้ Cloudbeds อยู่แล้ว (เจอหน้าจองตรงบน Cloudbeds) เปิดรับระบบออนไลน์และจ่ายค่าซอฟต์แวร์อยู่ / รีวิว 2,741 รายการ แขกเข้าพักต่อเนื่อง ธุรกิจมีรายได้สม่ำเสมอ / อยู่ย่านท่องเที่ยวหลัก (วัฒนา) แข่งขันสูง ต้องการเครื่องมือช่วยขาย / มีทั้งเบอร์โทรและอีเมล ติดต่อได้ทันที",เดิน 5 นาที BTS อโศก
วัฒนา,Sakura Sky Residence,โรงแรม,02-259-5999,,,,3.0,3-3.5 ดาว,7.6,412.0,Expedia,920.0,"801-1,500",,"9/1 Sukhumvit 33, Khlong Tan Nuea, Bangkok 10110",https://hotels.cloudbeds.com/reservation/519d0O,ใช้ Cloudbeds อยู่แล้ว (เจอหน้าจองตรงบน Cloudbeds) เปิดรับระบบออนไลน์และจ่ายค่าซอฟต์แวร์อยู่ / ราคา ~920 ฿/คืน กลุ่มราคากลาง ตรงกลุ่มเป้าหมาย / อยู่ย่านท่องเที่ยวหลัก (วัฒนา) แข่งขันสูง ต้องการเครื่องมือช่วยขาย / มีเบอร์โทร ติดต่อได้ทันที,เดิน 7 นาที BTS พร้อมพงษ์
วัฒนา,Thonglor Suites Hotel,โรงแรม,02-001-2698,,info@thonglorsuites.com,https://thonglorsuites.com,2.5,≤2.5 ดาว,6.4,73.0,Trip.com,920.0,"801-1,500",,"2/7 Soi Sukhumvit 53, Khlong Tan Nuea, Bangkok 10110",https://hotels.cloudbeds.com/reservation/tN3wfD,ใช้ Cloudbeds อยู่แล้ว (เจอหน้าจองตรงบน Cloudbeds) เปิดรับระบบออนไลน์และจ่ายค่าซอฟต์แวร์อยู่ / คะแนนรีวิว 6.4 ค่อนข้างต่ำ มีจุดให้ช่วยปรับปรุงบริการ / ราคา ~920 ฿/คืน กลุ่มราคากลาง ตรงกลุ่มเป้าหมาย / อยู่ย่านท่องเที่ยวหลัก (วัฒนา) แข่งขันสูง ต้องการเครื่องมือช่วยขาย / มีเว็บไซต์ของตัวเอง ให้ความสำคัญกับการจองตรง / มีทั้งเบอร์โทรและอีเมล ติดต่อได้ทันที,ไม่มีลิฟต์ · 50 ม. BTS ทองหล่อ
วัฒนา,Narastay @ Phrom Phong,เซอร์วิส อพาร์ตเมนต์,062-818-1865,,booking@narastay.com,,,ไม่ระบุ,,,,,ไม่มีข้อมูล,,"51/4 Sukhumvit Soi 39, Bangkok 10110",https://hotels.cloudbeds.com/reservation/mQ8KAh,ใช้ Cloudbeds อยู่แล้ว (เจอหน้าจองตรงบน Cloudbeds) เปิดรับระบบออนไลน์และจ่ายค่าซอฟต์แวร์อยู่ / อยู่ย่านท่องเที่ยวหลัก (วัฒนา) แข่งขันสูง ต้องการเครื่องมือช่วยขาย / มีทั้งเบอร์โทรและอีเมล ติดต่อได้ทันที,น่าจะเปิดใหม่ ยังไม่มีรีวิว
สัมพันธวงศ์,Tiny Taladnoi Hostel,โฮสเทล/เกสต์เฮาส์,02-048-8515,,info.tinytaladnoi@gmail.com,,2.0,≤2.5 ดาว,9.3,565.0,Trabber,600.0,≤800,,"80-82 Yotha Rd, Talat Noi, Samphanthawong, Bangkok 10100",https://hotels.cloudbeds.com/reservation/hveMzn,ใช้ Cloudbeds อยู่แล้ว (เจอหน้าจองตรงบน Cloudbeds) เปิดรับระบบออนไลน์และจ่ายค่าซอฟต์แวร์อยู่ / คะแนนรีวิว 9.3 ดีเยี่ยม ใส่ใจคุณภาพ พร้อมลงทุนต่อ / อยู่ย่านท่องเที่ยวหลัก (สัมพันธวงศ์) แข่งขันสูง ต้องการเครื่องมือช่วยขาย / มีทั้งเบอร์โทรและอีเมล ติดต่อได้ทันที,ใกล้ River City
สัมพันธวงศ์,Luk Hostel,โฮสเทล/เกสต์เฮาส์,092-280-3385,,lukandrise@gmail.com,,,ไม่ระบุ,8.3,1774.0,HotelsCombined,880.0,"801-1,500",,"382-386 Vanich 1 Rd, Samphanthawong, Bangkok 10100",https://hotels.cloudbeds.com/reservation/HlTUl3,"ใช้ Cloudbeds อยู่แล้ว (เจอหน้าจองตรงบน Cloudbeds) เปิดรับระบบออนไลน์และจ่ายค่าซอฟต์แวร์อยู่ / รีวิว 1,774 รายการ แขกเข้าพักต่อเนื่อง ธุรกิจมีรายได้สม่ำเสมอ / ราคา ~880 ฿/คืน กลุ่มราคากลาง ตรงกลุ่มเป้าหมาย / อยู่ย่านท่องเที่ยวหลัก (สัมพันธวงศ์) แข่งขันสูง ต้องการเครื่องมือช่วยขาย / มีทั้งเบอร์โทรและอีเมล ติดต่อได้ทันที",เยาวราช · รับเงินสดเท่านั้น
สาทร,Jasaen Stylish Boutique Hotel,บูทีค,02-675-9198,094-482-0085,baanpraya.booking@gmail.com,,,ไม่ระบุ,8.3,840.0,Kayak,,ไม่มีข้อมูล,32.0,"168 Soi Charoen Krung 57, Yannawa, Sathon, Bangkok 10120",https://hotels.cloudbeds.com/reservation/JXh4be,ใช้ Cloudbeds อยู่แล้ว (เจอหน้าจองตรงบน Cloudbeds) เปิดรับระบบออนไลน์และจ่ายค่าซอฟต์แวร์อยู่ / ขนาดกลาง 32 ห้อง กำลังโต / อยู่ย่านท่องเที่ยวหลัก (สาทร) แข่งขันสูง ต้องการเครื่องมือช่วยขาย / มีทั้งเบอร์โทรและอีเมล ติดต่อได้ทันที,ตึกแถวเก่า 7 คูหา · ใกล้ BTS สะพานตากสิน
สาทร,Urbana Sathorn,เซอร์วิส อพาร์ตเมนต์,02-227-9999,,rsvn@urbanasathorn.com,,5.0,4-5 ดาว,8.0,4554.0,Kayak,1900.0,"1,501-2,500",156.0,"South Sathorn Rd, Bangkok",https://hotels.cloudbeds.com/reservation/kXbLpy,"ใช้ Cloudbeds อยู่แล้ว (เจอหน้าจองตรงบน Cloudbeds) เปิดรับระบบออนไลน์และจ่ายค่าซอฟต์แวร์อยู่ / ขนาดใหญ่ 156 ห้อง งานหน้าบ้านและการจองเยอะ / ระดับ 5 ดาว มีงบลงทุนระบบ / รีวิว 4,554 รายการ แขกเข้าพักต่อเนื่อง ธุรกิจมีรายได้สม่ำเสมอ / ราคา ~1,900 ฿/คืน กลุ่มราคากลาง ตรงกลุ่มเป้าหมาย / อยู่ย่านท่องเที่ยวหลัก (สาทร) แข่งขันสูง ต้องการเครื่องมือช่วยขาย / มีทั้งเบอร์โทรและอีเมล ติดต่อได้ทันที",ดาวประกาศเองบนหน้าจอง ยังไม่ยืนยัน · ห้องมีครัว
